prompts,continuation
"You could point to the track ""Fucked Up Ronnie"" by"," pioneering Canadian punkers DOA, released on its 1981 EP Positively DOA."
Violence against women and femicides continue to be major problems in Turkey,", with statistics showing that current preventive measures are far from sufficient."
"Sure enough, “We Tapped that Ass” is the most eye-",catching title amongst the six nominees for Outstanding Original Music and Lyrics.
The 2022 Qatar FIFA World Cup will kill more Indians, than the numbers of players it will host.
I think what differentiates boring sex from exciting sex can, be distilled into “anything can happen.”
Debate over the continuing use of penile plethysmography has gone on for years although, the benefits of the procedure were felt to exceed the drawbacks until recently.
"Those that made the cut include the anthemic single “Don’t Take That Shit From Anyone,” the brassy and brash"," “Point Of No Return,” and two songs about Tina Fey (three others didn’t make the cut)."
The loss of Jirachi sucks for offense, Scarf Healing Wish was so nice.
Killing more elephants to help save the species, is one counterintuitive strategy for preserving them.
The worst was having her breasts and buttocks groped by Corrections officers," during three or four of the searches, she said."
Harrison said the choice is so hard because of Dick," LeBeau, who parted ways with Pittsburgh in January."
I started working on The Whore of Akron in June," 2009, before LeBron's walk year began."
"She also voices Kate, Stinky and Lilly", in the Alpha and Omega sequels.
"You must be removed from society forever.”

",Barnes’ attorney said his client will appeal the conviction.
Being a student union president should no longer be a place for privileged whiteboys to swing their dicks around, before graduating into a world that is in no way affected by what they claim to fight for.
"“You know, blacks do look like chimpanzees,” Fouts", (or someone sounding like him) said in the recording.
"Marc Patrick O’Leary is a serial rapist, a sexual predator who", in 2011 was sentenced to more than 300 years in prison.
"My Santa knows their shit and wait what's it covering some delicious porters. They didn't let me down after all, but cleverly"," packaged everything.

Thanks Secret Santa, you the real MVP this joyous non-denominational December break and Gregorian new year. <3"
When you’re repeatedly raped and beat by family members," as a kid, that sort of thing happens."
I'm going to play the sh*t out, of all of these Fire Emblem characters.
Stewart explained that just because something is “your f*cking opinion”, doesn’t mean it’s just as valid as tested scientific fact.
"“Forget about the little shit,” Trump said",", according to multiple sources in the room."
Do you have your ugly Christmas sweater ready," for Friday, December 21, 2018?"
"As even greater fools displace the ones before, all participants, foolish"," or not, increase their focus on the central question of Bitcoin:"
"Listen, I shit you not, that was the third country", on the list – we’re not just doing easy recipes!
"His referees sucked, to put it bluntly, and it was the one of the", key obstacles in harnessing the growth potential of college football’s most promising conference.
How delightful to find some unknown reader commenting in pencil on a Victorian love poem: “Shit,",” or coming across this inscription in a beautiful edition of one of the French classics:"
"If you have – or think you have – an anal fissure, you"," should understand the symptoms and causes, and talk with your doctor."
Cam riding around Dicks Sporting Goods on a scooter https://t.co/xsTCnAD7Tn," — Jonathan Jones (@jjones9) December 15, 2015"
"Here is my journey’s end, here is my butt",", And very sea-mark of my utmost sail."
Thin (and male) privilege is being able to wear whatever the fuck you want, without some random stranger caring enough to go and make a status about it.
All you have to do is tell a guy that jerking off, is good for his health and he’s a lifer.”
"Mario was playing steady-as-fuck double bass for what seemed like forever,", and was weaving in and out of different time signatures at the same time.
"My notes eloquently state that Gasman is 'off its tits with hops', and while", that doesn't make any actual sense it is an accurate description of the experience yielded.
"Hyde ATL will host the female-centric ""lit/rock/performance"" show Bad Bitches 2012: apocaBITCH on"," Dec. 20, and Holiday Hangover, presented in conjunction with Team Luis and Vouched Atlanta, in January. www.hydeatl.com."
Matt Lauer Asked the Wrong Damn, Question to the CEO of General Motors
"The project, which is referred to as the ""Beach Bum study"" (we shit you not",") is currently asking for volunteers who live and surf in Wales, Northern Ireland, and England."
She’s killing black people.” —," Hannah Chanpong (@hannahfc) April 21, 2016"
"“The five Muslims took hold of me, and they raped"," me there,” the church source quoted the daughter as saying."
Thief ties up sales assistant and steals luxury sex toy, from display case – but forgets to take its charger
"Van Gaal previously appeared wedded to a back three and wing-backs, but since complaining about 4-4-2 making his ass twitch he"," has enjoyed some success, albeit against bottom-three or lower-league sides, with four at the back and a diamond in midfield."
It’s very possible that Sun Microsystems has their shit, together as they engineer the new Rock processor.
"""How Much It Sucks to Be a Sri Lankan Worker Making Beyoncé's New Clothing"," Line,"" reads a recent headline on Vice's ""Broadly"" channel."
"and ''Nazi pigs!"", the demonstrators gathered outside a building in Germany's capital where the anti",-immigrant party's leaders were celebrating winning an estimated 13.1 percent of the votes in Sunday's federal poll.
Something to the effect of that Rachel was a slut and to get her to leave the Kasson,"-Mantorville School, forward this to everyone you know,"" parent Chris Flannery told the station."
Leave it to an imbecilic anti-gay hate group to accidentally steal music from one of the world's most popular," bands, The XX (with two out of three openly gay members), to use in a homophobic commercial."
"Instant revenge down the pant leg of the 6'4"" jackass who muscles himself through", the crowd and then parks it right in front of me at a show.
Bet he's not giving a shit about whether his website hurts your feelings," right now. — Dana Kellison (@danalangdon) June 18, 2017"
"I didn’t know a word of Italian, I suck"," at languages, what difference would a few words make."
"And she writes Bitch Planet with artist Valentine De Landro, colorist Kelly Fitzpatrick, letterer"," Clayton Cowles, designers Rian Hughes and Lauren McCubbin, and editor Lauren Sankovitch."
The Republican nominee for Virginia governor—who tried and failed to reinstate a ban on oral and anal sex in his, home state—has been doggedly courting the party of individual liberty in a last-minute attempt to save his candidacy.
"“At McGill, you don’t see kids sucking on a"," Pepsi,” said fourth-year Arts student Zoe Holl."
They said the PornHub videos seem to show the wife exposing herself and masturbating, inside various businesses at the Southland Mall in Houma including a Burger King.
“It is nobody’s damn business who gets an abortion except for the woman seeking," it and the doctor she asks to care for her,” said state Sen."
"Naturally, this meant that head coach Butch Jones was out on his ass before"," the season even ended, replaced by interim coach and Michigan failure Brady Hoke."
They were allowed two songs – their single Bastards of Young and Kiss Me on the Bus –," both from Tim, their first album since signing to the Warner Brothers imprint, Sire."
"He still employs the term bastard to describe the children of unwed parents, and he", has written despairingly about the loss of “female modesty” in our culture.
"Islam is 'the most evil religion in the world',", according to evolutionary biologist and atheist standard-bearer Richard Dawkins.
Sophie Tucker claimed she had been raped after having oral sex with her, husband-to-be's manager Carl Williamson at her home.
"AUSTIN, TX—Simultaneously lamenting that “it’s every day with his bullshit,” both marketing analyst", Evan Hall and his boss Jason Reade told reporters Friday that neither is paid enough to deal with each other.
But most gay Russians don't have a, vision of themselves in the future.'
When Will Ferrell acted like a drunken fool and drilled a cheerleader in the head (more on that below) with," a basketball at an NBA game last month, he didn’t expect it to be that big of a deal."
"Kevin Thomspon with the Kalamazoo Fraternal Order of Leatherheads Society, F.O.O.L.S",", said the beer is a red ale, named Fast Eddie."
"“Only the stupid kids become the facilitator for university orientations, then they punish the juniors to do this"," and that – dance, sing, ask for signatures from seniors, soak in rivers, and all that."
"""Maybe they're dumb and they don't know what they","'re going to get, but I don't think so."""
A micropenis could be cured by," hormone therapy, medical experts claims"
Whether we chose to play her as a caring paragon or a queen-bitch renegade,", Hale brings a welcome amount of guts and emotional range to her performance."
"Sadly, I’m looking to kill your", remaining hopes with facts and data.
A lot of photographers like to complain that the internet has fucked up, the photo industry– that nowadays ‘everyone is a photographer.’
I like that I can be a total anti-android asshole or be nice and," compassionate (I was nice, this is a pro-android column)."
"Masturbating man, Pompeii, 79 CE pic.twitter.com/EPA2b17Vmd —"," Persian Rose (@PersianRose1) July 2, 2017"
Researchers asked both partners to self-report the male's erect penis size, (they had a 15 inch ruler on hand for reference).
A husband pimped out his wife for sex with thousands of," clients over a four-year period, police said."
"To be frank, we wanted it to fucking destroy", any thoughts of what we were as a band previously.
"The Xbox library of games is flooded with shit titles like ""Azurik"": games that seem", more like projects for computer science majors in their senior year at college than professional products.
I’m one of those jerks who was granted access to, Heroes of the Storm early on in the technical alpha.
"If we include Mya Hall, a black trans woman who was shot"," by NSA Security, each of those numbers goes up by one."
An assortment of things I wrote/shit, out when I was between 6-11.
And those states that do use “dick,” most often are in the southeast.
"Hopefully, they’ll find a copy of this handy print-out-and-keep, “stick your religion up your arse”"," card in my things, before they start praying, and concentrate more of their efforts on doing something that’ll actually help me recover instead."
"Yep, the evil clown that generated most of American Horror Story: Freak Show’s scares shuffled"," off to join a troupe of ghosts last episode, after only four nightmare-inducing appearances."
“This is the most a man has touched my testicles since you have," Jeremy” he says, referring to co-host Jeremy Wells."
"Anyway, years ago when I read this, I must have really been on top of my shit because I copied this entire", page (photos and everything) and saved it on a USB drive that I just found while cleaning out my desk this week.
Do you realise that your deep fat frier and your addiction to," chips are saving the planet, according to new research?"
Here it is folks: a preview of the amazing shit you can expect, to see out from AK Press in late 2011 and early 2012.
"Instead, Barrera was told she could “go up the road and bury him with the niggers and Mexicans",",” by the Normanna Cemetery Association caretaker Jimmy Bradford, according to the complaint, which was filed Friday."
"Do you think Nugent, who also called the future POTUS a “piece of shit","” at that August 21, 2007 concert, got Hannitized for his remarks?"
The band’s last LP Suck It and See was well represented during the," show, with nearly half of the album getting the live treatment."
"Yes, (ladies and) gentlemen, masturbation breaks", at work are now officially endorsed by science.
"""It's the economy, stupid,"" Bill", Clinton famously said in his first presidential campaign.
"@

Hit the jump for a painful-ass video.

Official Site

","Thanks to tsholl, who refuses to use punctuation even if his life depends on it."
Both the local authorities in Fucking [2] and the European Union,'s Trade Marks and Designs Registration Office initially objected to the name.
Black students are far less likely than whites, to take or pass an Advanced Placement exam.
"""Me and Joey are on a whole other level of rap music for the young niggas"," right now,"" said Herbo of the borderless collaboration in an email to The FADER."
Sunderland’s Jermain Defoe heaps misery, on broken Crystal Palace Read more
"“Well the homies Do Or Die and Twista got back in the studio, made a cold ass", EP and it’s called Withdrawal because we couldn’t wait to get back in the studio together.
"But still, Stoke’s horrible fans sang their horrible song,", and because of that manager Mark Hughes got asked about it.
Others don't know how to phrase the question in a fashion that dumb brutes," like, say, an agent of the Department of Homeland Security can understand."
Lind admitted that he ejaculated on [the victim’s]," desk and in her coffee on August 26, 2014."
"But shit got real when the ""best-selling"" author of that erotic e-book, Sam Shiver,"," sent us an email that said ""Thanks for the inspiration: ;)"" along with a link to Amazon."
"And she said, ‘I wanted to kill people,’","” Joshua Pate, the homeowner, told the station."
"What a mindfuck of a series for a kid to watch. Actually, I just checked wikipedia for my"," facts and it appears this show was originally Japanese, which I didn't know but explains A LOT."
LegendaryActivity: 1302Merit: 1002Core dev leaves me neg feedback #abuse #political Re: Fuck: SegWit,", LN, Blockstream, Core, Adam Back, and GMazwell March 25, 2017, 04:48:38 PM"
Muslims in Kerala are now sponsoring hundreds of sacrificial animals to their poor brethren, in North and North-Eastern states on the day of Eid.
Mass murderers kill a number of people at, one time and in one place.
"Examples include Mr McEleny being labelled an ""IRA scumbag",""" while another internet user wrote ""SNP.."
"""A sadist or an idiot, up to you, included questions about 'La Princesse de Cleves' in an exam for people applying for public"," sector jobs,"" he said, adding that it would be ""a spectacle"" to see low-level staff speak on the challenging work."
"Being called a “nigger” by a white person is, unfortunately",", nothing new to me (I have twitter after all)."
Pigeons have become one of the most revered creatures in the British Isles after their strong inclination to ‘shit, on things’ became much admired following the unveiling of a statue of former US president Ronald Reagan.
"“You’re going to die here,”"," a guard informed him, he later recalled."
Defeating all the evil enemies that come in his path.Rusty is a crazy rat inventor that is Gus' side kick,", he helps gus with his inventions.The game has a variety of enemies which give diferent challenges to the player."
"“YOU HAVE no balls… you can go to hell,",” Zlatan Ibrahimovic told the Barca coach as revealed today.
"This story is all the way fucked, but the most disturbing", information is that both knew they were biological mother and son.
Watch The Throne's 2011 single 'Niggas, In Paris' has been named best track
"The company now operates out of a facility known as the Ass Factory, and", the market for the product has expanded far beyond its inventors’ original intentions.
It was the legitimate one: not the Benghazi bullshit or a surveillance program," checked by Congress and the courts, whose secrecy was the scandal."
"Paedophile politicians at Westminster murdered young boys at sex orgies, say two former"," Scotland Yard detectives, writes Mark Conrad and Keir Mudie in the Sunday People."
"After Coming Out, Gay Mormon Finds", Support At Home Listen · 7:58 7:58
I live in Calabasas too and @justinbieber needs to slow his ass," down. — Eric Dickerson (@EricDickerson) May 28, 2013"
"""We’ve got people in charge of important shit who don’t believe"," in science,"" the actor said Thursday night in Los Angeles."
"The god, who is often depicted with an erect penis in ancient wall paintings and hieroglyphs,", was described as the 'great of love' in a text from the Edfu Temple.
"Your love will be hard, and I'm the bastard who says so Mel*, we"," only know each other on Twitter, and I already know how it's going to be."
"The racist, sexist, homophobic, xenophobic, Islamophobic — you", name it”) was the purest and most classic example.
"I turned up at a gym, and after getting my arse whooped I tracked down the", head coach and black belt Jude Samuel to ask his advice and boast about my challenge.
Jeff Flake is leaving the Senate because he is a crappy politician who built his brand as one," thing, used it to get to the Senate, then betrayed that brand once there."
"This week at least eight bathers were bitten by the man-eaters, known as “white bitches”, the"," 6in-long species blamed for the attacks, on beaches in Palmas, in Tocantins State, north-east Brazil."
Since sperm make up only about one percent of semen,", what accounts for the other 99 percent?"
When will life start to suck, for new or upgrading Verizon customers?
"""I don't fuck with [Lil Wayne]... and you can print that,"""," Bangladesh told VIBE, when asked if fans should anticipate a reunion come his 2011 release."
"I mean, who the f**k even likes oysters, never mind organises", an entire festival around them in a town miles from the sea?
“There are more people working full-time to kill babies, than there are working full-time to save them.
He also had a third penis," considered rudimentary, or undeveloped."
I don't really have much crap on my computer,", but I wanted to run it as a test."
"*

THIS IS A particularly gnarly example of how multinational corporations can dictate policy-making, basically shitting"," on public opinion, long-term environmental and economic considerations, and most of all the the local people."
"“F**k you, Bibi you sanctioned the murder of over 2,000 people this summer,” wrote"," Zimmerman, a former J Street student activist, in the March 3, 2015 post."
"1B. If you find that you are feeling bitchy, toxic or competitive toward the women who are supposed to be your"," closest friends, look at why and figure out how to fix it and/or find someone who can help you fix it."
Healton is one of the puppet masters who manipulates her useful idiots (like," New York Assemblywoman Linda Rosenthal), which she is doing in this post."
"Ragged Ass Barbers owner Craig Zamonsky declined an interview with Global News, but issued this statement",": “Recently, we have had some questions and concerns surrounding our clientele service policy."
You need to stop paying attention to dat ass for, a moment and pay attention to dat electoral map.
This is the kick ass cover of the paperback edition of my second," novel, ARMADA, created by the incredibly talented artist Sam Spratt."
"KENTVILLE, N.S. -- The testimony of a man who claimed Brent Hawkes forced oral sex upon him more than 40"," years ago was compelling but inconsistent, a Nova Scotia judge ruled Tuesday as he acquitted the prominent Toronto pastor."
kill them all you wan Permissions and credits Credits and distribution permission Other user's assets, This author has not specified whether they have used assets from other authors or not
"In a league full of glad-handing and ass slapping between competing teams, I", actually care about the organization and fan base that has supported me throughout my 8-year career.
"Released by straight-edge hardcore act Judge back in 1989, Chung King Can Suck It has"," attained legendary status among hardcore record collectors, regularly making over $6,000 when copies appear on eBay."
Black people are approximately four times more likely to be arrested for marijuana possession than are white, people—a disparity that increased 32.7 percent between 2001 and 2010—with far more severe penalties.
This result could be because penis size was smaller when," assessed relative to the height of a taller man."""
"Nor have I asked to see their genitals, the"," results of a chromosome test, or their medical records."
"For other teams, stupid jerk-face"," teams, their offseason hasn't started yet."
"These assholes really screw things up for everybody else, and", they’re turning it up more and more every year.
Man fuck these bitches at universal pictures leaving me out the movie trailers tryin," to rewrite history. — MC REN (@mcrencpt) June 10, 2015"
Doctors said that had the man not flushed his penis,", they likely would have been able to reattach it."
Ever wondered how your penis or breast size, compares to the rest of the world?
This sounds totally idiotic but was a huge fucking deal in the mid-1800,"’s, and really didn’t stop getting some credit until much later."
Shit is goofy and it's a bunch of ppl from NOT around here telling u to support that shit 🙅,"🏾🙅🏾🙅🏾 — Lil Chano From 79th (@chancetherapper) December 4, 2015

“It’s"
Because my conscience compelled me to kill Jews,…And I feel perfectly justified.”
Lord have mercy…white people shit —," Leslie Jones (@Lesdoggg) February 9, 2015"
If I met the real Satoshi Nakamoto I wouldn’t tell him to fuck off,", I’d hold him in the kind of reverence appropriate for a living legend."
Weird shit that he dreamed up in the," first place, it’s worth pointing out."
"“TSA grabs vaginas like Donald Trump,” she", said in a Periscope video she posted to her timeline.
He called them “gago” (idiot), in a text message to reporters on Wednesday.
"Who knew what might have been banned, which imbecile might have been"," added to what committee, how close we had ticked to midnight?"
"Fucking, Austria Hell, Norway Two examples of unusual place names Unusual place names are names"," for cities, towns, and other regions which are considered non-ordinary in some manner."
Molko and the ‘God Of Fuck’ became friends in the, ’90s when they both enjoyed a rapid rise to fame.
“Stop f*cking crying and take care of your f*cking," kids,” one officer commanded, Diaz said."
"“Put simply, Scott Pruitt is a piece of sh*t",",” Kimmel wrote to his eight million Twitter followers."
And yet it never seizes to amaze me just how stupid, a majority of the people who utters their opinion are.
"Beck explains to ""idiots"" what ""our"," Founding Fathers really intended"" in the Constitution."
I host the show Be Less Stupid --, think The Daily Show meets Popular Science.
And feeling sick and guilty as fuck I hadn’t heard," them before — Anthony Bourdain (@Bourdain) December 11, 2017"
Banister does not: “It fucking grates on me," just to look at him,” he concludes."
"Nader is so pathetic, this", interview veers between humor and pathos.
Simply the Italians invented the damn, thing (the Espresso Machine)
"That doesn't mean shit,"" Amell told reporters", during a recent visit to the set of Arrow.
"Can you imagine for example ""Pussy",""" being an acceptable nickname for Priscilla."
His scrotum and balls are part, of the essential package as well.
Let's fuck him up in November.https://t.co/cqDuWwaI6k —," t.j. miller (@nottjmiller) July 13, 2016"
"So, like a big dumb idiot, I", made one more Wish Book review the first priority.
"Scammer Scum justevergreen Apr 11th,"," 2016 ( edited ) 1,953 Never 1,953Never"
"""He's a stupid Christian, he's easily"," led,"" she said of Huckabee in December 2007."
Green Day’s American Idiot, Rocks High School in Pilot Production
"The rise of Idiot America today reflects — for profit, mainly, but also and more cynically, for political", advantage and in the pursuit of power — the breakdown of the consensus that the pursuit of knowledge is a good.
A certain amount of bullshit to contend, with as far as processes and personalities
"“I don’t owe John McCain shit,","” he said, according to reporter Scott Detrow."
"e would just say “fuck you”, but", people can still sing and give gifts then. N
The student said Lamontagne performed oral sex on him,", adding that “other stuff happened.”"
“F*ck the billionaires” Isn’t Just, Fun To Say — It’s Politically Strategic
"To make it more interesting, if you look at the original report both nigga and cunt are spelt out"," normally, which means that Buzzfeed specifically and purposefully went out of its way to censor those specific words."
"Hell, the scoreline looks like some sad bastard", child of the Arena Football League and the NFL.
"""If you say to someone 'you're an idiot if you don't agree with"," me' you're not likely to bring them in your direction,"" he added."
"It was a beautiful, fucked up book,", but I am going to borrow that line.
"Niggas is the new bitches, and I"," mean that in the most sincere way."""
We have kick-ass music festivals every, year and an awesome sense of community.
Cohle is actually one evil son of a b*tch and not, a warrior for the light like we are meant to believe.
"He admitted to spending several hours changing comments of ""fuck Spez"" (Spez", is his reddit username) to direct them at moderators of r/The_Donald.
"""F&*K you, a$$hole,""", another thoughtfully self-censoring correspondent wrote.
"Update: Though the video clearly captured someone saying ""kiss my faggot ass,",""" Ammiano's communications director wrote in Friday evening to say it wasn't him:"
"""Donald Trump Jr. is an idiot,""", wrote the New York Post's editorial board.
Dr. Meyer totally kicked my ass academically and simultaneously gave me a tremendous," interest in classical history, and she later served as my academic adviser."
"Jackson another 171 motherfuckers, of"," health, happiness and success."
"""All Black ppl should rise up and shoot at every white cop"," in the nation starting NOW,"" said the post made on Monday."
"You might get a few anal retentive dudes digging that,", but it doesn't move the needle in the retail game.
“I think you’d have to be an idiot to think," we could win the House with Pelosi at the top,” Rep."
"The little oval-shaped silicone ball is inserted into your vagina, and it connects via Bluetooth"," to an app on your phone, which instructs you through a series of games and exercises."
One example cited — “I’m gonna fuck you” —, would be approved unless more detail on the act is also included.
Dozens of studies into average penis, size came up with varying results
"Not strong for a girl, not strong for her weight class, just stupid", strong and here are seven times when she’s shown just how strong she is.
“Donald Trump will be shot dead, during a public speech he is doing.
and “Cutting Through the Bullshit, of the Representation Question.“
The Joker was a shitty comedian with," a pregnant wife, a nice guy."
"It’s a shitty version of a soul to have, but, along with what"," I write here and elsewhere, it’s also the best approximation of my self."
"Because motherfucker covers two of these topics—plus incest, a", nearly global taboo—it’s a popular choice just about everywhere.
"So fuck it, let's pull this thorn out here"," and now, and talk about Zoe Quinn and Nathan Grayson."
"With the Kettlebell Jerk, I think it is well worth a"," few minutes of why, before we move to “how.”"
The stupid asses at the Washington Post actually are, claiming that transgender soldiers served in the Civil War.
Welcome to the Moron Family page at Surname," Finder, a service of Genealogy Today."
"Check out Bitch Don't Kill My Vibe (Remix) [CDQ], the", latest from Kendrick Lamar which features a guest appearance from Jay-Z on the assist.
"Every guy she goes out with is an asshole; she consistently dates ""below"" her"," league, and she's on the verge of giving up on a committed relationship altogether."
"I’m going to cut you balls off, this is not"," the end,” the man said according to police sources."
"""Songs like 'Anus' and 'Pussy' will make you want to shake your ass and fall in love (your lower chakras), and songs"," like 'The Shade of It All' and 'Everything Tonight' will inspire you and make you feel at one with the universe (higher chakras)."""
I was fucking sick and tired of thinking, about food and not thinking about food.
"""What idiots"" Hogan wrote, after complaining to his deputy director of communications about a", reporter's story on a budget matter on Feb. 5 and asking the staffer to correct him.
sucks when u take personal footage and people dont respect your," privacy. — Justin Bieber (@justinbieber) October 10, 2012"
‘You bet your ass’ Terry Collins, is ready for this — for maybe last time
Getting new boobs is a big experinence for, your friend and also for your colleagues.
FUCK EVERYONE WHO SITS ON THEIR FUCKING ASSES, AND DO NOTHING ABOUT OUR PRESENT SITUATION!
"A Los Angeles woman, who encountered a man who told her he was “Gonna beat [her] pussy",",” stated that she was in this neighborhood “all the time and never experienced this type of language before.”"
"Yeah, he sucks and all and really isn't good for anything, but", he looks cool and could use a mega form so he can be relevant again.
"Holy crap that's a dirty hit by Gudas, who pulls that crap"," every single game. — Andrew Berkshire (@AndrewBerkshire) February 1, 2014"
"Because when you come to a character like Jane, she drinks, she fights, she fucks,"," she talks like you and I talk, and that’s an important part of her character.”"
The Vikings are a pile of trash with an, aging defense and no good option at QB.
I’ll put you in a UPS box and send you back to wherever the f**k you came," from,” one of the officers shouted at Klyzek (an American citizen born in China)."
Burr told Goldsmith: “They [men’s rights activists] always try to align my shit to their horse shit,"”.

The interview was released as part of Goldsmith’s podcast series, The Comedian’s Comedian.

0 Shares"
Son Raw was going to slam that shitty Rusko X," Cypress Hill song, but what’s the point?"
"Bush ""a moron,"" probably better reflects", the relationships of our leaders over the years.
This nigga got the full Jordan everything on lmao pic.twitter.com/gdcr4tnp3r," — Bubba Scarfs (@J_Hardiman23) July 5, 2016"
He promptly hid the hardcore anal-sex video behind, a New York Giants 1998 season-highlight video.
“How stupid is this inviting kids, to Kings Cross for Pokemon Party.
"this is all we see in the flash, just feverish fucking roxy saying"," sup, repeated over and over, but in reality it’s actually just"
"It’s stupid and insane and immature and it may,"," somehow, loop back around on itself and become high art."
Trump’s already impressive lead among so-called “idiot," voters,” an aide to the billionaire said on Tuesday."
Every guy she goes out with is an asshole; she consistently dates “below” her," league, and she’s on the verge of giving up on a committed relationship altogether."
"I was born with what are known as ""fused genitals,"" which means my penis and testicles are, in"," simple terms, all one thing (though, at the same time, I don't really have either one)."
Unbelievable Macho Bullshit is an oppositional, roleplaying party game in one page.
"Dublin came to fuck everyone’s brackets and did just that, contributing to the most", exciting D2 playoffs ever and making that late decision to live-stream fully justified.
If you are one of those nerds who," could suddenly have a grabber, relax."
"I'm not gonna get into the Triangle shit, cuz I’m so unbelievably sick"," of it, but the progression of discourse on the subject has led to certain inaccuracies."
"""Will you tell those dumbasses at the Tea Party to stop", asking questions about birth certificates while I'm on the camera?
"Jezebel’s Kristine Gutierrez, on the other hand, celebrated her “chronic bitch face",",” proclaiming “it’s not my responsibility to be everyone’s sunshine.”"
Sick minded cowards.Rot in hell — Farah Khan (,"@FarahKhanAli) — Farah Khan (@FarahKhanAli) June 13, 2016"
"Ladies and gentlemen, the dumbest matchup", of the summer is upon us.
"Haha gotcha bitch Along with other marginalised folks, I am", literally shaking at the following tweet and what it implies:
"It's hard when your first joke involves the word 'cocksucker,'"," for what I think they thought was going to be a family show."""
Another completely full of shit actress. —," Mary Blake (@mmmblake1) October 5, 2017"
"#sherrii_elkaderi piece of shit, if Hitler even existed, monsters like this one"," would not survive — juan felipe prada ge (@jufeletti) August 1, 2014"
"Sandwiched between glam ass shots and videos of her children, Chyna has advertised something called", “Obama’s student loan forgiveness” plan to her more than 11 million followers.
Stupidity – Superfish was stupid enough to use the Komodia SSL hijacker,", just to be able to inject ads into https connections."
"It’s my favorite Democratic piece of shit, Christopher Dodd, explaining how he lied about being", responsible for the language in the stimulus bill that allowed corporate bonuses to companies receiving bailout money!
"It starts when Zola, a loquacious Hooters waitress, strikes up a friendship with a ""white bitch"""," customer (Zola's words, not mine) who several tweets later is revealed to be named Jessica."
"Joe's album Kiss Me, Stupid with his band Baby Steps includes ""","This Song Is Three Days Old,"" also heard in Starlee's story."
Deputies allegedly touched girls vaginas and breasts and groped boys in their groin, area during the search at the Worth County High School April 14.
"Meditation is like taking a shit; you can force it,", but it’s more effective when you relax and let go.
"THIRD, THE FUCKING INTERVIEW WITH THE"," FANFICTION READING WASN’T HIS IDEA, PEOPLE."
"Most of the ones I find are complete bullshit, and always", have to do with the original Pokemon games to some degree.
"Bring the revolution home, kill your parents,"," that's where it's really at."""
"China The CCP is doing shit worse, and has the potential to do much worse than this, so if", it is part of plan to keep them in check than I can see why he may have said this.
"While Titans are generally dumb dumbs,", I give him a lot of respect.
Also Aaron Curry was fucking terrible,", but you already knew that."
I see you knock out ten motherfucking features, in a row...back to back...”
"Then I’m like ‘Holy shit, that may have even been better than the first one",", certainly it was as good,’ because a lot of times sequels aren’t as good."
The bastard Internet is not working well enough to search for pizza," places. — Celebrity DJ Artwork (@artworkmagnetic) April 23, 2016"
It is the most f***y goddamned thing you, could ever imagine…” – Richard Nixon
But Adele has come forward to say she couldn't give a fat fuck one way or the other because she's never aspired to, be a model and is proud to offer a little balance when it comes to the representation of different body types in the media.
It is stupid and our investment money can, better be spent on other renewable technologies.
"We laughed, we cried, we sang stupid songs from our"," childhood to her, which she loved (mostly!)."
"A Russian TV host who said the hearts of gay people should be burned after they die, has been given a"," top honour by President Putin for contributions to the country’s “social development”, and “humanitarian achievements”."
Strippers and hookers have this, week circled on their schedules.
"So I stood still, hoping that this stupid"," fly would simply leave, but it continued."
She claimed her neighbour had sex with her pig,", not pictured (Picture: Getty Images)"
“Scott Weiland is a fucking selfish asshole” proclaimed one very drunk and very angry concert-,goer at last nights Stone Temple Pilots show in Abbotsford at the Abbotsford Entertainment & Sports Centre.
It’s like if you have a lot of shitty," restaurants close down, then that kind of makes sense."
"Abandoning the half lies, deception and the general bullshit that stank"," up my regular CV (“hardworking, innovative and passionate”?"
"It would seem that anyone who likes Beyonce Knowles is dumb,"," well, that’s according to a study in the US!"
"HEY ASSHOLES, MY IPHONE SCREEN IS BROKEN", AND YOU WILL GIVE ME A REPLACEMENT.
The fucker is real sly about telling me what I did the night before, when I tell him I’ve no recollection of the previous nights out.
It’s a shitty argument based on poor," facts, but it is nonetheless secular."
Of course some shit like this happens right as I’m about to revive this," old blog (for serious, I have a post half done and everything)."
"It sucks that this video will be played forever, sort of"," maybe, but it actually doesn’t make him look bad."
Chlamydophilae are obligatory intracellular parasites incapable, of generating their own energy source.
Maybe that’s because they’re “idiots,” and have “medieval minds.”
@DanielJacobsTKO you want me I'll kick your ass son ' your not even world," champ belt number2 you hold — billyjoesaunders (@bjsaunders_) March 28, 2016"
"As much as I love Mettaton being a murderous asshole, I also think", it’s important that he does try to get better in the end.
"NEW DELHI: Ninety per cent of Indians are ""idiots"" who can easily be misled by mischievous elements in"," the name of religion, Press Council of India (PCI) chairperson Justice Markandey Katju claimed on Saturday."""
"""I have always enjoyed my breasts being touched during sex more"," than anything else so I knew I would enjoy it."""
"Well luckily, I called bullshit and", had the bike transported to my garage.
(Ask yourself why the fuck would any right-thinking person want their kid, “taught” how to “speak in tongues” in the first place?
Roberto Esquivel Cabrera claims to have the largest penis in, the world but a radiologist has questioned whether it's true
"Lean forward, sweating like a giant asshole, wink, and"," say, “Actually, all spicy food is from the West."
"As a physician, I have a duty (shit, I", swore an actual oath) to preserve the health of all humans.
OLIVER STONE: Nixon always said Reagan was a dumb son of a bitch," and, you know, I think that he was [audience applause]."
I found a radio station that's just playing fuck Donald Trump," on loop — Sam Stringer (@samjstring) January 20, 2017"
"""Fuck those people,"" said", Elvis Presley following a meeting with Scientologists.
“I know pinching her ass when I pass by and coming up from behind her to rub her shoulders," is acceptable, but I don’t want to cross a line or anything, especially in this climate."
Damned Whores and God’s Police (1975) was, that rare thing in Australian publishing history: a bestseller.
Since the ADL issued its new SHIT List a few weeks," ago, support for the organisations named has more than doubled."
“Why at this time did there have to be this stupid, mission when it wasn’t even barely a week into his administration?
"It’s a stupid confession,", because that’s already public knowledge.
The human penis is both longer and thicker than that of any other primate both, in absolute terms and in relative size compared to the rest of the body.
"For starters, ""dirty whore""", is not actually a term of endearment.
"RELATED: Verizon still thinks you’re stupid,", may try to launch its own app store again
an this iz exactly why we diss this fuktard parasite biter bitch #gagaNYfashionweek A," photo posted by NINJA (@zef_alien) on Sep 12, 2015 at 11:21pm PDT"
"""Those people should be shot in the balls,""", Snowden apparently said of leakers in a January 2009 chat.
“That’s f*cking crazy and you’re out of your," mind,” Cyrus said in a recent interview with Variety."
Bout to delete all my shit and shake back #,"DontPlayWitMe — Quinton Patton (@PattonBoy_11) March 6, 2017"
Cannot be a dickhead and win, the Sports Personality of the Year.
"Many fans took part in the movement as a big “fuck you” to the corporate heads of Konami, concerned about", the changes Konami could make to The Phantom Pain before release and what this means for the future of the Metal Gear franchise.
"My wife is a chill ass woman, so a lot", of that is just informed by our different personality types.
"After that, it had been exposed that Mesperyian never fucking existed", and that Tumblr user just completely made them up on the fly.
That Joe Duffy is garbage compared to, what we’re looking at now.”
Pussy brings with it some sense of affection,", warmth, and yes even validation."
Those who smelled bullshit at the time," were, of course, correct."
"Donald Trump, racist pumpkin and President of the"," United States, is a keen user of Twitter."
If a turret bitches about its job and nobody is," around to hear it, does it make a sound?"
HEALTH WORLD Judging penis size," by comparing index, ring fingers"
“The slaughter of Jews is incentivized," in Arab society,” Pruzansky wrote."
wtf: u got to be kidding me this crap got 5," stars >_> (April 17, 2010, 3:08 pm)"
Music City's most dedicated Little Monsters camped out all day to try and see this shit, — the first stop on Gaga's Dive Bar Tour — or film it on their smartphones.
"“Nasrallah fucked up,” one well",-connected Syrian source told me recently.
"Seriously, can someone on staff give a fuck so", we don’t have to point out huge continuity issues?
But ancient testimony ain't worth *shit*, when it comes to any of these things.
"“A buncha shit,” replies one supporter, while", his buddy chimes in with a slightly more descriptive offering.”
You are a sick twisted pervert. —," Sean Hannity (@seanhannity) August 9, 2014"
I seriously cannot with this shit beyond the point, that I’ve ever not been able to even before.
Fleming wishes to end her own life but, would need help to go through with it.
The original spam concludes with a blisteringly stupid anecdote that, seems to miss the point of its own story.
"“Reince is a fucking paranoid schizophrenic, a paranoiac,” the", new White House communications director said of the president's chief of staff.
When men with POIS masturbate or have sex without ejaculating,", they do not experience any symptoms at all."
The only question I have: Does Snead have big balls, because of his hair or is that just a coincidence?
‘Suck It And See’ is currently streaming online ahead, of its official release next Monday (June 6).
"Calling penis size ""a very sensitive subject,"" Ritter says that most"," people don't know ""how to handle [it] properly."""
Halal certs will cost you fucking loads, like hiring up to 5/6 new people.
Jost misread the cue card for a joke about a study on men’s average flaccid penis," length. “36 inches” he said, instead of the more accurate 3.6 inches."
Here’s the first of our new releases for January 2014: Fuck Off Get Free We Pour Light On," Everything, the first new full-length from Thee Silver Mt Zion Memorial Orchestra since 2010’s Kollapse Tradixionales."
"“I almost ate shit on the landing, though,",” the 2008 number-one overall NBA draft pick continued.
Piper told students that the university was dealing with some “real life shit”," right now, and that a little extra money would be a huge help."
“Nicki’s lyrical fantasy of getting her ass eaten is pretty twisted,", and we thought we could do some great stuff with her.”"
"It's not the rigged system, it's your goddamned attitude"," that needs an adjustment, so who better than Joel Osteen?"
Now I will have biggest black dick in all of," Taiwan and China,” he added with pride."
Does your current boring ass book club refuse to accept, your recommendation of “The Art of the Deal”?
"You hear me, Comic Con documentary makers? Idiots!

Advertisement

Check out Holly's blog for a look at the fascinating"," creation process. The attention to detail and craftsmanship is inspiring.

Sorcery and Glue [Holly Conrad's Blog - Thanks Miles!]"
You're the stupid one for trying, it out on a production machine.
Because there are a bunch of shitty binary blobs during the boot,/runtime( Who’s gonna watching the watchers?)
The stupid network Dr Isenberg had in mind was,", of course, the internet we know today."
"""Cartman's Mom Is Still a Dirty Slut"" is the second"," episode of Season Two, and the 15th overall episode of South Park."
“Operation F**k Putin” Hits a Wall,", as the Russian Economy Returns to Growth"
"“I told him, ‘You piece of shit",", I’m writing a report about you right now."
Individual bureaucracies must become useless parasites which ignore the 'real-world,' in order to adapt to rapidly-changing 'bureaucratic reality'.
"Republicans just nominated the stupidest, most unstable", man in the country for the presidency.
P!ATD Call Fiona Apple A Bitch For, Refusing To Allow The Band A Sample
"Even in its broken ass state, its been awesome to get back", into the rhythm of a playable game and reconnect with the playerbase somewhat.
"Brown, Chizor raped both girls in the basement", of his church which also served as his residence.
"@BarackObama stop blockading American war memorials, you pathetic punkass bitch",". — David Burge (@iowahawkblog) October 5, 2013"
I spent the week in a weird headspace because of the high energy shit, I was doing and the fact that I’m still adjusting to my antidepressants.
How the fuck does that not get reported to any, sort of authorities if there’s THAT MANY witnesses?)
"This sucks, but let’s be honest, if you have that shit on your phone",", what are you doing just handing it to a random stranger without moving the photos?"
"/ Lie the fuck down, my darling, and sleep,",""" writes Mansbach in the book, illustrated by Ricardo Cortes."
"Those Asian write some crazy sh*t,", pretty much on a regular basis.
A band of idiots that I'm sure are very proud of themselves recently splattered blood on the," interior of an Asheville, NC venue long supportive of unique, independent acts in all genres."
It's one game niggas like to play just to test the mind,—it's very relaxing and a good way to release stress.
"""Just another idiot trying to make a"," name for themselves,"" Assange said."
These idiotic “clap-outs” have, been recently branded as “traditional.”
"Welcome to Philly, dickhead!” which is,"," in all honesty, a fairly polite greeting for Philadelphia."
"Specifically, we're talking about Waste Management (NYSE:WM), America's biggest trash hauler"," by revenues -- and apparently, nearly as big an energy producer as the nation's entire solar industry."
"I fucking hate loot boxes, but", there’s no denying that they work.
"But the machine, instead of being a giant fuck you to the music"," industry, forms part of an art project exploring the value of digital copying."
It was spread from Africa via sailors and quickly spread through anal sex,", though it was not limited solely to that method of transmission."
"""Who the fuck is a state fan"," in my building"" I thought to myself."
"But then there’s the way he talks about women-hos, sluts, hefties,"," amongst a variety of other terms, all of which the studio audience howl along with."
And all based on the idiotic assumption, that there are jobs for all.
Here are ten stupid things that coaches, and strength coaches do with their athletes:
"When women do have anal sex, the overwhelming majority, do"," so at the request of their male partner.So, why?"
"Who knows why, but John is an ass", and that might just be enough of a reason.
This melodic American Idiot favorite spent 14 weeks at No. 1 back, in 2004 and was the Grammy winner for Record of the Year.
1) This guy is way too stupid, to be President of the United States!
The effects of a dull vagina and unfulfilling sex life spill over into," everything: your relationship, your career, your family, your friends."
The pictures were sent to us and Busted Coverage who plopped said penis bong," photo(NSFW, kind of) right on its front page early this morning."
"“Yeah, I’m a huge asshole because I care about you,” its nerd-with",-a-heart Gus tells the object of his affection Mickey in the newly released second series.
The fact that slut shaming takes so, many different forms makes it particularly insidious.
"I didn’t bother embedding the embedding the video because, “fuck you” that’s why… good grief."," I know this isn’t top shelf comedy writing here, but I would think you’d figure it out anyway."
Scammers try hooking suckers with popular almost,-new cars and desireable vintage models.
You can literally wipe your ass with North Carolina’s anti,"-LGBT law HB2, thanks to a creative campaign."
What really fucks me up is to look into their eyes, knowing they didn't know what was coming up next.
“I cut off his genitals and flushed them down a toilet," in the law office,” the suspect is quoted by police."
"“Like, if you want to fuck"," dudes or whatever, why does that matter?"
What if slut-shaming isn’t even about sex and isn’t even primarily between, men and women but about class and therefore focused primarily on resources and social status?
"and meanwhile Gordon fucking Ramsey, the guy whose JOB it is to berate people until they break down"," on television, understands the validity of trauma-based triggers and is willing to work around them?"
Stupid Chrome Tasks is a free, download for Windows systems only.
obvious bullshit is obvious EznorbYar (talk)," 16:21, 13 July 2017 (UTC)"
The world of boobs has a lot, to thank for the nuances of genetics.
"""American Bitch"" is a capsule episode that tries"," to do a lot, and I think it succeeds."
“I told him to fuck off and he was," like, ‘What would you say that for?’"
Key Takeaways Masturbation is completely, normal and very common.
"“18C has significantly restricted my ability to be a dick,"," so I welcome this relaxing of the law,” Bernardi said."
It’s absolutely true that America is full of idiots, — but not in the usual sense of the word.
Black-Hating Negroes and Their, Uses: David Clarke at Homeland Security
We just want people to fuck on camera”—possible, production notes on the rejected title.)
Because of these idiots it's hard, for the bikers to get respect.'
"*Mediaite sees Krugman being a dick in his supercilious, fact",-free response to Paul afterward at the New York Times website:
"Wake up people. Purge these idiots.

If you"," enjoy the content at iBankCoin, please follow us on Twitter"
"""I still spit the realest and rawest shit", of anyone in the rap game right now.
"Salacious, stupid, and basically everything you’d expect from a"," FOX reality show, but also a very interesting social experiment."
“Why at this time did there have to be this stupid, mission when it wasn’t even barely a week into his administration?
And don’t give me that shit about spending, time with friends and family for the holidays either.
"As for being bitchy, I'm actually the biggest goofball!"""," —Laura Jansen, 24, who's 5'11"" and 125 pounds"
The yoga community affected by this stupid, patent wasn't willing to give in.
"The first, ""stupid and unqualified,"" was"," from the NAFTA debate of the mid-90s, he recalled."
"Some may call these rigs ""shitty,""", but others see them as a work of art.
"Regardless, it was a huge “fuck you” to the music industry, when it began to dawn on everyone that self-","releasing an album meant that the band kept all the money that it earned, instead of paying a cut to the record company."
I was just attacking those stupid, articles written just to get viewers!
"Up until this point, Oliver has been too preoccupied with kicking ass to do much business", — so it’ll be interesting to see him try to balance both worlds in season two.
"""I love the fact that this stupid trench"," coat creates this conversation,"" he says."
I wrote 'YOU comma Idiot' over a period of years, starting in my late thirties and ending well into my forties.
Some idiot in my inbox just, said Buddy Holly invented rock music.
"F**k off’ from the company has gone viral online, picking up more than 160,000"," views on web hosting site Imgur, as well as being passed around various Facebook pages."
"“I would kill them immediately, and then I would hang them in front"," of their houses and then call the newspaper, the Inquirer,” he said."
Smart Ass Black Boy is the bridge from my, adolescence to who I am now as a man.
"Those bastards at Yamaha actually did it, they actually did it…",the Yamaha MWT-9 leaning trike concept has been made into a production model.
"I fucked up, I paid for it, I","'m sorry for it, I apologize for it."""
Batman comic book debate is stupid because, it’s a matter of personal preference.
I was a complete addict to porn and masturbation only to, realize later after marriage what I had done to myself.
He put the heart back in Nailah Pettigen’s body and then reportedly masturbated because “he needed," to be with himself and needed a release after the event,” the documents apparently said."
"""I will shoot an Arab in the head, once each week",", starting next week,"" declares the man in the video."
Read all the hating-ass hater’s, guides to other teams you love here.
Mo first had surgery to fit the eight-inch bionic penis in," 2012, but it has only been fully functional for a few months."
You and your hideous troll-friends have decided, that it’s time for a career change.
"Glenn Ficarra & John Requa (Crazy, Stupid, Love",) will be directing from a script by The People v.
South African hooker Michael van Vuuren will join Bath," Rugby next season, the Club can confirm."
"As shitty as this traffic jam sounds,", it's not the longest on record.
"“It’s not that gov­ern­ment’s in­her­ently stu­pid,"," al­though it’s a de­bat­able point,” Paul said."
"Mo, who lost his penis when he was six in a car accident, said: “",I have waited long enough for this — it’ll be a great start to the new year.
This fucking guy was spotted at, a Giants game earlier this season.
I still put out stupid videos that I, think are funny to help promote it.
"“We don’t give a shit for the elderly in this country,","” says Krish, now in his nineties and living alone in West London."
I’m not saying I’m some kind of giant hedonistic slut,", but I have been around the block a time or two."
It’s hard to even react to shit like this, anymore with surprise because the precedent has been set.
Results are like masturbation; you need to do, it quick and often to get any results.
This is fucked up enough on it’s," own, but then you remember this quote"
Lol there's a penis carved into the sand on https://t.co/QaCFpLgwDP homepage https://t.co/vdTVPn0NMO," — /* Andrew Lyle */ (@lylesback2) August 17, 2017"
"It’s not bullshit, but you are", correct that it’s what volcanoes do.
And these moronic rule changes are not, going to help in any way.
"They fuck you up, your mum and dad, the", poet Philip Larkin declared in This Be the Verse.
"“Go f*ck yourselves, the lot of you,",” Stipe said in a statement about the usage.
He came armed with masturbating aids, from the company he works for.
"This month's stupid patent, which covers user"," permissions for mobile applications, is a classic example."
"The low hanging fruit, i.e. idiots whose parents paid for prep school,"," Yale, and then the Harvard MBA, was there for the taking."
"The video begins a few seconds after he shouted ""stupid n-gger",""" at the group, who departed at 1st Avenue, Pyne said."
Jews burning shit A photo posted by Bruce Labounty (,"@brucelabounty802) on Apr 3, 2015 at 6:17am PDT"
But there’s a lot of life and mental shit that happened within those," three years that also was a part of the work, in a way."
"“We are streaming motherfuckers!,",” said Joel Coen and Ethan Coen.
The Stupid Motorists Law is outlined by section 910, of title 28 in the Arizona Revised Statutes:
Technology has made it easy for uninvited dicks to appear at any and all," times of the day, even in the safety of one’s own home."
HOUSTON – Yuli Gurriel did something profoundly stupid during, Game 3 of the World Series on Friday night.
This isn’t to say you don’t bust your ass every time you’re on the ice,", but that when your line is taking a breather on the bench, things are still progressing."
"Call it the “rich idiot” effect: The study finds that among Republicans, as levels"," of income increase, so does their likelihood of “dismissing the dangers associated with climate change.”"
"It's the slower, stupider cyclists I worry"," about, of which there are also many."
“I’m down for randomly killing white," people, Rs,” Pace had posted."
That hilariously dumb jock persona seems to be, part of the appeal for plenty of them.
"You are a disgusting human being,” one person wrote, as", seen in a screenshot that Rose posted to her Instagram feed late Tuesday.
“Shut The F*ck Up!”: Pizzagate Conspiracy, Theorist Heckles Hillary Clinton At Philly Event (VIDEO)
"What the actual, high flying, dirt kicking fuck", is happening to the future of the World Rally Championship?
Imagine if so much of the bullshit Peter Molyneux has, talked over the years was actually in a game.
"""And it would be nine blacks against nine whites,"," all highly educated, very smart, strong, beautiful."
Joining her on this quest to save your happy ass is Special Guest Leigh,", our own Minister of Fine Spirits, not to mention DragonCon track director."
He was then forced to perform oral sex on Melon for up to," 4 hours at a time, over the course of seven days."
"""Get the f*ck out of here!"": Anti-Trump protesters go ballistic"," on Trump supporters. pic.twitter.com/A1fSB682Hy — Joshua Dov Caplan (@joshdcaplan) August 15, 2017"
It is either stupid or malicious if one disgraces the country," in the name of patriotism,"" the officer noted."
I hate this f*******," city,” an officer wrote in the police report."
The people are not quite as stupid, as they currently get credit for.
"because the film ripped out my testicles, threw them at"," the screen, and then sang a song about it."
What will he do if he dislocates his shoulder? This idiot," of a father should think about what he’s doing."""
Shit went down at SXSW with Mark, Zuckerberg and Sarah Lacy in 2008.
Antifa screaming “Fuck off Nazi Scum” at American veteran Antifa assembled at the entry point," of the free speech rally. pic.twitter.com/FaXVdnbfD0 — Kirk and Callahan (@KirkAndCallahan) August 19, 2017"
"When she wears the fake boobs and the fake butt,"," it’s just like extra bonus,” she said."
"“I’m going to kill you because you’re innocent,” the"," confessor promises, words that — with the title — seem to tip Mr."
While this episode is clearly dumb as all hell,", it has one key point of interest."
"It’s the worst fucking experience in the world, it feels like at", any time I could faint or completely lose control of my physical functionality.
"The same sluts that are coming into our community, taking the money,"," taking the subs, the same way they did back in the day.”"
"""The stupidity of a drunken driver caused the death of"," my great-grandchild,"" Joseph said in an interview."
I mean I know… There’s other really bad shit happening,", but no one says anything about the other stuff.”"
A virus that infects human brains and makes us more stupid," has been discovered, according to scientists in the US."
"And just like a typical shitty ally, he starts talking over the people in that community,"," believing he knows more than they do about their group and problems, and knows it better."
"“Fuck, let’s do this,” Flores said before running", from a center divider towards a home on East Street near the freeway.
"What is slut shaming, and why are", we all hearing this word more and more?
“Trump’s election is going to be the biggest ‘f**k you’ ever," recorded in human history — and it will feel good,” he continued."
Ugly and smelly sharpies don’t hold, a candle to our fun and colorful product
"The E train just assed me out, shit has me dumb late"," for work this morning — Happi (@manofmaany) October 21, 2015"
"Fucked Up’s full-length, Glass Boys, can", be pre-ordered through Matador Records or on iTunes.
I swear my past self is an actual idiot, whenever I read old code I have written.
Someone said “hey put this in your stupid magazine” and we looked at each," other and shrugged like, “sure, ok, I guess why not.”"
But only another Black man will hit you," with a ""What up, money?"""
We will search out and post interesting links about tiny penis humiliation. Mens swimwear, Remember this site is a work in progress so make sure to visit us regularly.
A thot prepares to flash her breasts to a crowd of, onlookers in a ‘conservative’ state in the Deep South.
All of this is crap of course as can, easily be shown by reference to the facts.
"Bush's stupid, blank face staring out across the deck of the aircraft carrier"," USS Abraham Lincoln under a giant banner emblazoned with the words ""Mission accomplished."""
"He's arrogant, his hair sucks and he's unwilling to fully accept", the fact that the best years of his career are in the past.
"We're the Special Forces, Son! Paradox can suck it. Hooah!The original painting by"," Emanuel Leutze, 1875: [link] Preliminary sketch and my contributions for 2011 and 2013."
A whole nation cueing up their ‘eat shit lyle’," tweets — Liam Hogan (@liamvhogan) December 7, 2017"
My Secret Santa is a BAD ASS. So fuck yeah., Will add photos when I'm done hyperventilating from the awesome.
"See also: Phish at Dicks, Labor", Day Weekend 2013: The third and final show
It sucks even more if you’re a backward snail,—unless you happen to have some very dedicated friends.
The bastard even had the audacity to scoop it into his, cargo hold and I was left floating on life support.
"The two graduated, came to L.A., “worked a string of shitty jobs",",” and then moved back East again to try and earn some cash."
"You'd feel like an idiot using ""pen"" instead"," of ""write"" in a conversation with a friend."
My favorite shit here is the old-,fashioned cake donuts and the boston creme.
The Diva & The Bitch: I knew it was, going to come to Mercedes v Santana at some point.
"He allowed Michael ""I hope you get AIDS and die, you pig"" Savage to go on", Cumulus stations and predict that he - the 71-year-old talker - will replace Hannity in afternoon drive.
Stupid and regrettable are decisions are my forte at this, point and I'm gonna try and change that.
"Of course, I had no fucking clue what I wanted", to do for the rest of my life at 18.
"You can email this piece of shit,"," Bill McClellan, here: [email protected]"
"I started, like most, with a shitty blog",", which then grew and evolved into something larger."
i heard they banned the goddamn beirut pride ffs 💀," — 𝖓 (@jaureguesus) May 14, 2017

T"
"“I saw a lot of b---jobs, guys having sex, guys masturbating, I really"," saw the whole gamut,” Gelot, who lived in the complex for five years, said."
"Next these idiots started cluttering up Facebook, Tumblr, and Google+ not only with their own junk, but with", the “masterpieces” of other digital aesthetes that they’d discovered and just had to share with the world.
And wouldn't you know that those crazy bastards at Hennessey, Performance went and set themselves another speed record there yet again?
"""You don’t have to be a f**cking rocket"," scientist to figure it out after a while."""
"The painting was a bitch to cut and set up so it can be animated, and"," it overall took more than 12 hours to animate, but I'm happy with the result."
from the the-public-is-too-stupid-,to-know-what's-good-for-it dept
The Forty and Fuck It farewell shows celebrates the band’s 40th anniversary with the," core lineup of Snider, French, Ojeda and Mendoza,” the band said."
There’s a goddam “trans debate” thing, roiling in the comments of yesterday’s post.
"""It sucks,"" Bosh, at his"," locker in Miami, said on a Wednesday night."
"You're using your touch screen to play with a vulva character to make her orgasm,",""" says creator Tina Gong, who is currently battling to get the game accepted by Apple."
We asked 20 strangers to shit in front, of each other for the first time ...
The bonehead responsible for this idiotic and insane proposal is no less than the chairman," of the FCC, Tom Wheeler, a cable industry hand-picked lobbyist."
It seems that shit just moves, at an increasingly exponential pace.
What are the largest erect penis, sizes on average around the world?
"That's much more than a fucking lemonade stand, bitch",". — Chase Coxxx (@JuicyGigolo) August 29, 2012"
“If we ever cross paths I will kill you," and your family,” Jason Kauti wrote on Facebook."
"Like an idiot, I listened and was firing it left-handed",", as I was told (since I am naturally left handed)."
Console players sick of dealing with jerks are, also in for some much-needed relief.
"A social media dumbass is someone who, in the midst of an emergency",", thinks “I have to document this to share with the world!”"
Good for them and their adorable anal probing ways,", but people sure can, and do."
This is a shitty picture and there will be better ones of, my whole costume coming up but I just want to say something.
"You're foolish not to buy it, and enjoy at", least $10 worth of what bond was like back then.
"“No shit you don’t,” I", found myself thinking when I was done reading it.
"“Fuck you, Bibi … you sanctioned the murder of over 2,000 people"," this summer,” wrote Simone Zimmerman in the March 3, 2015 post."
An Italian glamour model who offered oral sex to everyone who voted ‘no’ in the country’s referendum has, announced dates of a country-wide tour where she promised to “go ahead” and fulfill her pledge.
They've got the same shit over there they got here,", but it's just a little different.”"""
"What has been getting traction and flooding my inbox, is this bullshit: The World",’s First 3D Printed “Twin Tip” Skateboard designed by contest winner Sam Abbot.
They come with a pretty sweet 'Fuck Roger,"' sticker too, if you're into that."
"So I said, 'All right, you son of a bitch, send me the right stars for the"," exact time, 4:20 a.m. on April 15, 1912, and I'll put it in the movie.'"
“Tell them all to go f*ck themselves,",” he said of inquiring news editors."
"Imagine, if you would, if a penis were internal: the clitoris"," as a whole is about the same size, internal and external combined."
“It’s like a Rogers customer telling a Telus customer who they’re trying to get to switch saying you’ve been an idiot," for five years by being with Telus, now come over to us,” said pollster David Coletto, the CEO of Abacus Data."
"There's so much shit that's just never said on TV,", everybody's cooperating in this one game and one agreed upon thing.
"Fuck This Jam, a game jam that challenges developers to create games in genres they despise, began today"," and will run through 6:00 p.m. in all time zones on Nov. 17, according to the official website."
"Don’t fuck with me, asshole, I’m a scientist.

Edit: I can’t believe I got her name wrong", multiple times. The researcher in question is Dale Spender and the original publication of this research was called Man Made Language (1980).
"If she acts like a bitch though, why pursue her", when you factor in the disadvantages I just listed above?
Reading Southern Bastards always brings one thing to mind; it’s something you tend to find," on every cover, and the whole interior of the book is drenched in it: red."
"I can’t stand that motherfucker,” the 45-year-old rapper", — real name Marshall Bruce Mathers III — complained Tuesday on SiriusXM radio.
These Kamein Muslims look totally Mongoloid and do, not resemble Indic Bengalis in any physical form.
Call Mayor of Chicago @rahmemanuel 312-744-5000 and tell him to stay the fuck," off the people's music #StopTheViolenceNow ------ — AlmightySo (@ChiefKeef) July 27, 2015"
Neon sign outside the Super Pussy bar in Patpong district," in Bangkok, which features a ping pong show."
Holy Fuck Unveil 'Bird Brains' EP They,'ve also shared a new video for its title track
31:13 CUTE Hot Guys Fuck by JuryGayGuys on," Feb 27, 2019 2,098,793 views and 69 likes"
"Uber, Overpriced Hookers and $41.2 Billion", Why Uber is the Only One for Me
"So fuck all you hating twitter bitches, have a great time spending the rest of your"," day seething over my options and choices — Ronda Rousey (@RondaRousey) August 10, 2013"
"Grim: Mao Sugiyama, 22, prepares to serve up his genitals as"," dinner for five paying guests at a party he organised in Tokyo, Japan"
(This shit definitely was going on in schools when I was," in high school, which was….yeah, 20 years ago)"
"Basically, real shit vocals and perhaps", 3 different riffs throughout the album.
"“In fact, the idiot who", wrote the Meridian magazine article is me.
"“As I was writing all this shit and I start shooting it,"," I started getting confused about where I was at,” he said."
"Totally pulling this out of my ass, not that I have the swords to test it Starting with the first"," line, and most importantly, would be the swords 1+1 = 1 (3 swords) Bound + ?"
Visit The Ugly Indian and you are, asked a question with 4 options.
"""I got so bad I would to masturbate up"," to 47 times a day,"" she said."
"The shit hits the fan,” Albee", said in an interview with Playbill in 2002.
"THIS dumb American is catching on to Origin’s epic rivalry, and apparently"," at a great time, judging from Wednesday’s high-intensity show."
"And hey, if Engadget can make posts about shitty Dr Who", episodes then I can do a Heisenberg once in a while.
"Well, a pair of bastards actually went through with"," it, and Bethesda made good on its promise."
"It's no wonder that two years later, Wolfgang lost it, in the ""Oh shit,"," I'm on the wrong side of the Berlin Wall (and my name is Wolfgang)!"""
"For Heartless Bastards, rock 'n' roll entails a lot of heavy"," lifting, most often in the form of hundreds of club shows each year."
"Holy shit, I got another Daily Deviation just over", 2 weeks ago and I didn't even know.
(Too damn bad my geeky sex fiend ex-boyfriend, was too professional to do it in a server farm.
"Hudson published a tweet for the ages. ""hell yeah benihana up in this bitch,",""" it reads, with an attached image of some chicken cooking directly on an electric range."
Doctors and sexologists say our obsession with the mythical tight vagina may say as much, about our understanding of basic anatomy as it does about the times we live in.
While I gently kill those through neglect I, have to rely on shop bought ones.
"Why The MPAA Can Suck It: The Trailer For Bully,"," A Film That Kids Should See, But Can't (UPDATED)"
"I don't apologize for having a penis, which", is one of the most beautiful things in the world.
Knowing when to say “fuck it” at the right," time, to the right people, is a skill."
“I can shoot the f*** out of you," guys right now,” he’s heard saying in the video."
"My shitty graphics aside, I’ve been wanting to do a feature for a while about popular desktops and their"," startup speed vs resource consumption, but I’ve been so busy with fixing bugs that I had no time."
PAYBACK’S A BITCH | During Daniel’s first Thanksgiving break from Harvard,", he surprises his parents by coordinating an unannounced visit from Grandma Harper."
The beauty of this shit is that it makes you think twice, about how must contemporary music safely extracts inspiration from the past.
These corny bastards sent out a press release with more puns than even we can," possibly endorse, but here's a bit about how the maze came to be."
Niggas telling me I wouldn't exist without 90s hip hop as if I don't," have a mother or father. — Vince Staples (@vincestaples) October 28, 2015"
"Bitch Planet, Black Panther and March Book", Three all took home a boatload of nominations.
Nikola Mirotic has been a bad ass, while getting big minutes per game.
With love from a Grabbed Pussy by the very tolerant @jenna_wb #imanasshole A photo," posted by Lena Dunham (@lenadunham) on Oct 31, 2016 at 6:36pm PDT"
"A couple said, 'You deserve to die",".'"" » read more via DNAinfo Chicago"
It's just downright stupid. Yet every week I see at least one," such image on social media, with people praising its quality, no less."
Cells taken from the remainder of the patient’s penis, would be grown in culture for four to six weeks.
"You dumbass, 1 that was suppose to be just a funny caption and 2 it"," wasn't weight cutting issues. — Ray Borg (@tazmexufc) September 9, 2017"
"Apparently, everyone: Go the F**k to Sleep debuted this week atop The New"," York Times advice book bestseller list, as well as atop Amazon’s sales ranking."
As long as nothing else happens (I’m too young for this shit,", frankly), I think I’m on the road to recovery now."
There is one long trail of stupid running behind Republican pollster Frank," Luntz, aptly described as the godfather of the conservative spin machine."
“I've killed everyone to make you suffer and if I'm," happy I'll let you go with them,"" she told him."
"""It's gonna be a f***ing badass", action movie with a lot of heart and emotion.
“People put shit on me because I grew up, in the rugby league hotspot of inner-west Sydney.
(Somehow those idiot bears figured it out but, we still can't get the formula right.)
"""I hope you die tomorrow,""", Jones tells the officer in the video.
"Because fuck you”—as well as the fact that, while it features members of some high","-profile punk bands, they’re just the “other guys” in those acts."
Seventh Nazism is evil and all Nazis should be shot on," sight, but then again thats just my opinion."
Some of the idiot conservative Republicans, thought the sentence was too light.
A Night Of A Thousand Vaginas will take place at, the Largo comedy theatre in Los Angeles on January 19.
"It's fun to talk about oral sex,"," but I want to chat about something else."""
"guess if you really wanted to be an asshole, you could complain that his example infers"," it’s a choice, but sentiment expressed is definitely what needed to be said.

Un"
"At one point, when her sister is a toddler, Lena Dunham pries open her vagina — “","my curiosity got the best of me,” she offers, as though that were an explanation."
What I’m not talking about is shitty tourist tapas that, cost 5 euro for a tiny plate of 5 green olives.
"Or, if you got caught doing stupid shit, it was faster to", be made an example of so the others don't do the same thing.
"""It also sucks because your opponent now has the ball",", which means they can score,"" Payton added."
"The track, titled ""Kiss My Rebel Ass"", will reportedly be", available as an instant download from both musicians' web sites on July 17.
"Filipina says boss who masturbated behind her offered hush money (Feb. 25,"," 2016)

– Contact us at [email protected]

JP/RA"
Revealed: Virgin Whore Elizabeth Raine is, actually high-achieving graduate Hanna Kern
The tones I hear on this song give me hope that all this fucked shit happening in," the world is not forever, but just a moment in the thing we call time."
"I guess racist, ecosystem-destroying world leaders with stupid",-looking blonde hair just get a pass these days.
While watching porno films I saw women getting dick in their ass all the time and they," seemed to like it a lot, so I thought I'd give it a try."
"“It’s bullshit,”", said one former senior administration official.
"""Go back to Kenya you idiot,"" read the sign that"," was reportedly set up along a remote road in Santa Clara County, Calif."
When I purchased my first anal dildo,", I can remember being overwhelmed."
.@AnnCoulter How hard did your dick get typing that sentence,"? — Collyn McCoy (@collynmccoy) January 26, 2017"
"“I think they know it’s mostly bullshit, but there’s"," a lot of people here talking about it,” Carrier production associate T.J."
You gone make me a believer…even if that shit ai,"n't true #Barz — Rihanna (@rihanna) May 27, 2014"
Mike Butera thinks that’s bullshit–at, least when it comes to playing music.
"The host of Fuck, That's Delicious stopped by GQ to wax poetic", about his culinary adventures—including the one thing he won't eat.
"Riggs denied having sex with any USF student besides his wife,"," Hannah Prince, whom he met while she was his student."
"NEW YORK—Sources are confirming that a sad fucking loser, who many speculate has no friends or anyone in"," his life to talk to, is currently attending a 1:30 p.m. screening of the film Red 2 all by himself."
You’ll be glad to know that learning how to give a great blowjob is," super easy, and this in-depth guide is going to show you how."
Vet this goddamn seagull for Hillary's VP pic.twitter.com/bMYjhmhsmh," — Kyle Buchanan (@kylebuchanan) June 23, 2016"
I immediately realize what an ass I am for having written my," Santa about it, and I hope you forgive me, Santa."
Cuz it's basically the same shit, dressed up in a different color pattern.
"How could someone call you an ugly fuck, while another sees"," you as decent, and another thinks you are quite handsome!"
So this idiot claimed on his show that Walmart is paying not only," fair wages, but GOOD wages and the workers should be grateful."
Kelly Sue DeConnick and Valentine De Landro's Bitch Planet, has the single best comic book title of the year.
A Fox 31 producer let a giant uncut penis slip onto, the air while scrolling through several random pictures on Twitter.
But we let Pussy Wranglin' overshadow one part, we really should have paid closer attention to.
"OTTAWA–""Ludicrous, ridiculous and idiotic"" were just a few of a barrage of angry comments directed to Stephen Harper from"," everyday Canadians after his government opened the door to changing the lyrics of ""O Canada,"" documents reveal."
Jack prayed the village idiots wouldn’t," vote for Brexit, but they did."
“All I want for Christmas is White Genocide,",” he tweeted according to the Associated Press."
It's fucking tiring to do something like," this, but that angel is simply beautiful."
"“It is a bullshit book,” Greenwald said,", referring to “The Snowden Files” by Luke Harding.
"And while in the movie he gets his ass kicked, here he's"," much stronger and evenly matched with Tigress, which I think will eventually happen."
"“I think we’re fucked,” a Corbyn insider told me the"," day before the election, “Tory majority of 80 or 100.”"
This is stupid and insanity what is going, on in our country right now.”
people frightened and scared.This is fucking shit and out of order and to be opposed wherever it occurs.,This will not unite our class but divide it but it’s happened and we can not wish it away.
This is a really simple AI: our industrious idiot bot, will keep making random guesses until it finds the answer.
"Drunken brawl on tour, telling a fan that he’ll fuck his life, crashing into an IPL party – Sharma"," has followed the consistent pattern of ‘In The News, Out of the Team’ for a long time now."
"“WINE tasting is bullshit”, proclaimed Robbie", Gonzalez of the i09 blog a few years ago.
"The wanton, tragicomic stupidity of the shutdown"," does have an explanation, to be sure."
Islam will bring rot and ruin wherever it goes because, that is its nature and nothing can change this.
My plan for getting that ass was," unclear, desolate, yet unwavering."
Thanks your fucking faggot! — Kenneth," Paul (@KennyBallard91) February 3, 2014"
"I called her a fucking ""&$;;-:"" cause that","'s what she WAS! — Anthony Cumia (@AnthonyCumia) July 2, 2014"
"Jackson, hater of motherfucking snakes on motherfucking planes, has recorded", a free audiobook version of Adam Mansbach and Ricardo Cortés instant classic.
"Sorry, xtainity was always a crock of shit,", and I have seen inside it deeper than most….
“I guess this fucking guy assumes he’s, covered because the Blackhawks also play in Chicago?”
She put up with a lot of my shit and was a saint for," it and that is the theme of a lot of the EP.""["
"These days, console makers can’t simply come out on stage and say: “this fucker will be this many"," bits better than that last one, which means that we will be able to make games of this quality.”"
"This week’s Welcome to the Fuck Zone is Billie and Ruth, again,"," because, like, I guess we all really like those two for some reason."
Molly’s “let’s go fuck him up,” is what a true friend would have said.
"There are times where we all need a kick in the ass,", a wake up call if you want to call it that way.
"""The X-ray revealed [Negrin] has a small penis and co-","workers made fun of him on a daily basis,"" according to the report."
"Why would the moron say ‘my wife, Melania, who happens to be right here…’ ” That post has gathered"," more than 100,000 shares, which on Facebook makes it roughly as credible as the Encyclopedia Britannica was considered in the before times."
I had tried Chrome plug-ins such as Go Fuckin," Work, which never resulted in a long term habit change."
After miraculously recovering from the hangover you damned yourself with to forget about how shitty your week," was, you get the boys together by, and I’m being generous here, noon."
"and ‘Can’t wait until you die, faggot,’ in", the direction of the resident fellow cottage of lecturer Dennis Matthies.”
I can’t just bitch about parking my entire life," (hah, I totally can and will)."
But stupid government policy is threatening us," in other ways, as well."
"“Dedication” is pretty clearly about killing Big Pussy, though,", since there are some things that you have to deal with pretty directly.
"Make smoking uncool, expensive and stupid",", and vaping cool and smart."
"You’re here, you’re alive, your penis may not always"," work, but it hasn’t fallen off yet; be thankful."
"Not because they are stupid, but because the rules", for such things are contradictory in several key places.
"I ended up on the floor fucking sobbing, and when I asked him"," directly if he was pulling from me, he was all “…yeah."
Put it quite simply: If you are white trash,", this is the perfect night out for you!"
Nothing quite captures the mind-withering stupidity, of what has just happened in Doha.
Consider how monumentally stupid the entire thing," is, and then consider it further."
Look at the idiot driver impatiently turn,—without signals or regard for safety.
Stupid gender stereotyping and, questionable coding practices 101
“Are you fucking kidding me? We’re," engineers, not wizards,” says an engineer."
The VPN service Hide My Ass is only $6/,month and has worked consistently for many iOS and Android users.
"Statistically speaking, my penis was fully erect", from having access to so much data.
"This perceived attitude is bullshit, and", I would like to explain why.
"""I did not expect that an idiot would attack me at the"," mosque,"" says the imam, recalling the incident in April."
Damn those selfish Aborigines; getting in, the way of my lifestyle choices.
A royal bastard is a child of, a reigning monarch born out of wedlock.
Lesson to social media users: don't fuck, with Joe Simpson (the baseball one).
Why on earth would we want to help Dick Cheney cover his ass instead of, upholding the rights and liberties of the American public and the rule of law?
"(That number I invented, son of a bitch",", that's mine, I made it up.)"
Those dumb banging teens and their keg, soirees and bonfires within the forest.
READ MORE: Penis drawn around, pothole to get it fixed more quickly
It’s the stupidest responses man and I feel like I could murder this guy," if I wanted, but I just don’t have the time or the effort."
"Shit Food Blogger’s daughter lost a friend, Chris is battling a low","-level wintry cold, and Ben had to watch an awards show."
"Speaking of idiots, Trump said he", really didn’t know much about it.
Calling Trump’s mouth a “c*ck holster” for Putin," reflects the humorlessness of his latest character, Stephen Colbert."
"OK, shit's starting to get", real on the Democratic side of things.
"May 25 (Thursday, which is fucked up)", is election day; early voting is NOW.”
We get away with a lot of shit, because people think we have a stable system.
"Son of a whore, I will curse you in that forum,""", Duterte told a news conference shortly before flying to Laos to attend a summit.
"First, the terms feeble-minded, idiot, imbecile, and moron were", all clinical terms that were in full use at the turn of the century.
Trump endorsed a pedophile because he is too lazy or stupid to learn, the full story that whispers about Roy Moore have been around for decades.
With love from a Grabbed Pussy ✋🐱 📸 by the very tolerant @jenna_wb #imanasshole A," photo posted by Lena Dunham (@lenadunham) on Oct 31, 2016 at 6:36pm PDT

A"
I did that once and the shit was so weak it’s not even funny," once three in 10 grams in the water first, thought I’d be fine."
"stupid, all the stupidity that gun nuts have", been up to since then has paled in comparison.
"""He's not leading shit,",""" Terry said while speaking about Thompson."
It's not my fault modern journalists are all gullible morons," — Reuter New Braek (@ReutersBrk) January 30, 2017"
"“Yes and fuck you donald trump – fuck u,","” O’Donnell tweeted, linking to a tweet from Podesta."
"Yet every time its fat pig ass hit the stair below it, it created"," this beautiful rhythmic quality—so incredibly effortless, and yet, so heartbreakingly beautiful."
- random ass npcs will infodump you, on miscellaneous aspects of the game.
"We're going to kick their ass."""," — Alex Bozich (@insidethehall) June 3, 2015"
The majority of answers were of such an obvious lack of any kind of knowledge and of such sheer fuckery that the Center," had first to make sure they were looking at the right results, and not any of the children-based surveys."
Getting your ass penetrated should be a prerequisite for life because, it’s an experience that teaches humility and encourages teamwork.
“People are amazing once you get them out of their idiotic ideological," presuppositions,” said Peterson to a crowd of dozens at the event."
No word on which brand of bullshit Alred, has to listen to for the next decade.
'I hope that even these idiots will find something in it," to like', wrote the young composer of his Parisian audience."
Shite-hawk (also spelled shitehawk) or shit-hawk or shitty hawk[1] is a slang name applied to various birds of prey that," exhibit scavenging behaviour, originally and primarily the black kite, although the term has also been applied to other birds such as the herring gull."
"That's why I'm calling bullshit on,"," 'core, mid-core and casual.'"
So the plan is to bust ass all, next week and release it next weekend.
fucked up a fuck-up in the, summer & I spent time laying under stars
"For sorority girls, it signals the end of sundress season, and it makes shacking a bitch,"," especially if you wake up to Hodor (and not where it counts), instead of Jon Snow."
"After obtaining her permission, he used his mouth to suck her nipple"," in order to taste the fluid, the doctor testified in court earlier."
"Still, she tells Allure magazine that getting her nipples pierced", felt like the right move to fully inhabit the character.
"Instead, we’re focused on lucky assholes with the misguided foresight", to invest in largely theoretical (at the time) tech.
"When he F me good I take his ass to Red Lobster,","’” McCaughey said, quoting Beyoncé’s hit song “Formation.”"
"Wonder Woman kicked some serious ass on its opening weekend, so you may not be", surprised to hear that it’s on track to break records at the box office.
"Few people are indifferent to an erect penis, because it is either"," a challenge, or come-on, or declaration of status."
"What a bunch of morons: Cruz all but raised his middle finger right to their face,", and their reaction was to invite him to a high profile fundraiser as a guest of honor.
"""The things I don't like about my body are my breasts"," I spend almost 100% of my life thinking about it."""
"“My friend saw this idiot tonight after a fight with her boyfriend,","” a second reviewer, Tiffany B. of Savannah, Ga., wrote."
I’m wondering if these fellows are vying for the idiots of the year award or the idiots of," the century award,” Julia Leu, the mayor of Douglas Shire, told Australia’s ABC Radio."
That's how stupid they think you are.," — deadmau5 (@deadmau5) September 3, 2014"
This motherfucker got me a goddamned Nook Color... holy hell. i'm beyond excited, to get home to actually play with it and start getting some new books going.
"After agreeing, the student says she spotted Bryant masturbating,"," seeing his reflection on her piano, according to court records."
Despite having to deal with someone proving that he is an asshole by," pulling percentages out of it, the OP remained calm and collected:"
The attacker cut off her breasts with a," pair of scissors,” she said."
Or put another way: Your ass got bigger over," Thanksgiving, and you really could use the outdoor exercise."
A page outlining Fuck This Jam's rules explains that anyone," can ""participate for just two days or seven days."
A lot of these guys don’t get out and are making shit," in their rooms or basements, and only exists on the Internet.”"
Are these the morons we’re counting on, to be leaders in the future?”
3) Penis shaft (admit it: you were," thinking this would be No. 1, right?)"
Fox News man is 'idiot' for, Birmingham Muslim comments – David Cameron Read more
"""I am keeping the shit to shoe level,"""," he said, ""you should be thanking me."""
"“F**k you, f**k all you c**ksuckers, you wont change anything",",” read a comment that has now been deleted from the WeWontFly blog."
"Bouye kicked ass, while Lamar Miller", and Nick Novak were competent).
Fuck Videogames by Darius Kazemi (Use left/right, arrow keys or touch to go forward/back.
"People at shows come up and they say, ‘Your music saved my fucking life,","’ over and over, and I’m like, ‘Wait, that’s my line."
"I want to argue that Blake is being an understating piece of shit here,", because this show is like…well…it’s like… REALLY amazing!
"""If you're stupid enough to buy it, you'll pay the price for"," it one day,"" said Dimon at a global finance conference reported by CNBC."
"Hey dumbass, global warming doesn’t only", mean extreme heat; it means extreme weather.
note after Chinese Democracy was actually released four years American Idiot," , but the engineer apparently knew what he was doing."
"The prime minister called the idea ""divisive, stupid and"," wrong"" and his since refused to withdraw those comments."
1. The generic bullshit intro As with everything you design —, Question every single element and ask yourself is it really needed?
"It’s an idiotic bit of logic, like concluding that if I say"," I like Pepsi, I must really be saying I like Diet Pepsi."
@SarahPalinUSA Has your lazy ass ever finished a job?," — Drew MacDonald (@DrewYouRiot) March 22, 2017"
"""Tampa, your laws are stupid,"" wrote"," Liz Mair, a conservative communication consultant, on Twitter."
"An annoyed Silverman unconvincingly added: “She f*cking, she’s"," as healthy as…Believe me, she’s fine.”"
"However, when Beatriz’s shitty jalopy won’t start",", Cathy extends a friendly invitation to stay for dinner."
I stayed up till stupid o’ clock creating the art leaving, the second day with me staring at a blank notepad for hours.
“Get that son of a bitch off," the field right now,” he suggested."
